date,open,close,high,low,volume,amount
2024-01-02,1889.02,1855.92,1889.02,1855.73,115953946.0,179336679576.05
2024-01-03,1850.16,1834.73,1856.44,1825.55,107536678.0,167194107306.31
2024-01-04,1831.29,1801.76,1831.38,1794.0,93991270.0,150294363209.69
2024-01-05,1798.82,1775.58,1815.07,1765.72,101696297.0,159496421601.84
2024-01-08,1769.33,1744.41,1779.38,1744.24,89969738.0,142332496824.85
2024-01-09,1749.77,1750.78,1774.32,1738.0,99765193.0,152590701411.96
2024-01-10,1741.13,1743.2,1771.68,1726.56,98601941.0,145099691648.53
2024-01-11,1744.3,1777.27,1790.33,1739.16,104955366.0,163904546781.19
2024-01-12,1770.97,1761.16,1785.51,1760.87,102317740.0,152978543837.08
2024-01-15,1751.52,1745.61,1766.26,1738.54,86196863.0,130386881951.08
2024-01-16,1741.37,1752.23,1755.38,1724.64,96260259.0,145248422620.57
2024-01-17,1747.77,1699.62,1747.77,1699.62,86299638.0,132832551235.05
2024-01-18,1685.94,1732.36,1735.09,1678.43,120941227.0,182209019572.25
2024-01-19,1726.55,1715.44,1743.3,1714.51,94103277.0,148549402466.81
2024-01-22,1710.29,1666.88,1714.93,1657.35,117732596.0,174689051023.85
2024-01-23,1663.98,1687.61,1700.57,1655.2,106465502.0,159109087023.2
2024-01-24,1696.56,1696.19,1700.77,1642.16,114237798.0,162853578351.9
2024-01-25,1686.55,1720.78,1720.85,1672.07,122868142.0,181545583126.71
2024-01-26,1703.48,1682.48,1714.53,1679.34,117351747.0,170491394057.26
2024-01-29,1680.15,1623.81,1685.6,1623.81,110529711.0,162726679942.06
2024-01-30,1613.46,1583.77,1631.53,1582.42,95337140.0,131103400738.55
2024-01-31,1585.21,1573.37,1601.89,1573.16,130116295.0,166572423229.78
2024-02-01,1567.83,1589.04,1616.4,1563.38,118663093.0,150465715465.79
2024-02-02,1585.96,1550.37,1595.98,1512.06,139680974.0,165877906814.45
2024-02-05,1534.19,1562.61,1600.33,1482.99,184791329.0,196172868062.34
2024-02-06,1544.96,1667.45,1668.89,1544.5,183716122.0,198499862838.7
2024-02-07,1663.18,1707.02,1711.42,1658.47,189088132.0,210687215918.84
2024-02-08,1716.63,1726.86,1764.39,1713.77,192337882.0,219535023776.6
2024-02-19,1752.86,1746.42,1752.86,1722.84,182448833.0,221972513028.14
2024-02-20,1739.03,1746.18,1749.27,1722.49,147868148.0,196270502338.16
2024-02-21,1728.45,1752.48,1783.81,1724.29,177509093.0,227652468774.68
2024-02-22,1752.79,1757.87,1761.12,1742.15,156242214.0,204125664577.63
2024-02-23,1766.96,1758.19,1767.26,1742.49,184459762.0,243084226812.38
2024-02-26,1752.76,1751.7,1768.1,1738.33,192437448.0,254309133426.64
2024-02-27,1743.49,1793.98,1793.98,1740.83,186627352.0,264736013369.51
2024-02-28,1799.61,1748.97,1829.14,1748.97,261460937.0,347604753266.05
2024-02-29,1739.97,1807.03,1809.66,1739.97,186859827.0,257163352226.02
2024-03-01,1808.2,1824.03,1830.94,1795.85,179223155.0,265744413293.34
2024-03-04,1827.13,1834.83,1847.25,1817.66,179182128.0,267809096640.69
2024-03-05,1818.59,1833.66,1843.08,1813.27,170275840.0,265925759287.53
2024-03-06,1822.54,1832.58,1855.61,1810.9,150306899.0,227200848064.3
2024-03-07,1830.26,1789.94,1838.71,1789.87,164771032.0,238945039111.29
2024-03-08,1793.51,1807.29,1813.1,1779.77,137115120.0,207854018403.55
2024-03-11,1817.07,1890.41,1890.87,1812.79,160529892.0,256133875994.21
2024-03-12,1896.45,1906.04,1915.09,1885.64,185203821.0,280641919112.37
2024-03-13,1911.98,1895.15,1911.98,1890.66,181745464.0,276725513279.63
2024-03-14,1895.73,1883.02,1912.11,1870.02,163976455.0,249070106777.78
2024-03-15,1877.57,1884.09,1886.95,1848.22,148672339.0,237382152552.83
2024-03-18,1906.12,1926.4,1926.4,1902.13,178792977.0,285294742186.07
2024-03-19,1917.92,1906.94,1925.69,1906.94,173103435.0,277456760587.35
2024-03-20,1898.18,1909.25,1915.47,1897.6,173063476.0,269810124050.1
2024-03-21,1912.81,1897.09,1920.55,1897.05,188961186.0,284068913944.0
2024-03-22,1893.14,1869.17,1897.31,1860.35,200894792.0,295657843340.47
2024-03-25,1864.53,1833.44,1871.06,1833.1,179402177.0,268690216350.14
2024-03-26,1832.66,1841.54,1856.2,1829.48,163736939.0,253211554015.67
2024-03-27,1840.19,1789.82,1840.19,1789.82,160450458.0,226295560925.06
2024-03-28,1790.58,1806.9,1829.47,1787.96,166557234.0,237575033721.18
2024-03-29,1806.67,1818.2,1822.75,1800.2,154791278.0,217252295265.92
2024-04-01,1833.49,1872.12,1872.12,1833.49,162047396.0,240420692420.52
2024-04-02,1869.32,1860.49,1869.96,1851.25,168030842.0,244229792529.81
2024-04-03,1853.56,1840.41,1853.87,1839.21,152065565.0,218014560504.63
2024-04-08,1834.45,1807.05,1840.55,1807.05,141326022.0,202923012586.06
2024-04-09,1807.48,1827.58,1827.68,1801.71,123544622.0,183115355162.06
2024-04-10,1818.41,1789.94,1818.73,1781.13,134716461.0,188668185938.06
2024-04-11,1777.2,1782.09,1799.86,1775.66,126469148.0,180139137963.43
2024-04-12,1780.99,1762.88,1789.27,1760.94,124825306.0,181935202186.45
2024-04-15,1770.17,1795.52,1807.95,1770.17,168221714.0,217304264348.98
2024-04-16,1783.57,1760.2,1791.3,1759.51,172826401.0,209825212204.48
2024-04-17,1765.29,1797.31,1797.55,1765.29,159990221.0,207002813099.46
2024-04-18,1784.78,1787.49,1807.79,1765.7,149372895.0,205378631363.08
2024-04-19,1772.18,1756.0,1775.38,1740.4,139553557.0,191991204458.29
2024-04-22,1739.01,1750.46,1766.25,1735.28,132054545.0,178696500220.0
2024-04-23,1753.58,1753.16,1764.77,1740.79,129549196.0,178489066068.99
2024-04-24,1757.31,1765.41,1768.24,1744.36,150216623.0,208741312294.4
2024-04-25,1753.12,1764.73,1778.8,1747.82,151405721.0,206301774627.32
2024-04-26,1767.72,1823.74,1826.49,1767.72,184375658.0,263592819865.13
2024-04-29,1831.44,1887.57,1904.92,1831.44,186745460.0,277576503879.92
2024-04-30,1874.68,1858.39,1878.83,1857.76,162180721.0,219039007967.77
2024-05-06,1896.84,1895.21,1907.02,1889.78,161040465.0,235736178830.72
2024-05-07,1896.72,1892.54,1900.94,1888.26,164718674.0,236764583670.58
2024-05-08,1887.82,1865.11,1887.82,1863.22,165941539.0,225525079037.71
2024-05-09,1872.7,1900.01,1903.11,1872.7,158275823.0,228084250434.89
2024-05-10,1899.05,1878.17,1900.1,1872.07,163497204.0,225068982859.08
2024-05-13,1859.34,1860.37,1876.17,1851.25,148801973.0,206351333599.74
2024-05-14,1864.39,1855.6,1873.14,1851.39,147873925.0,192341185283.83
2024-05-15,1857.58,1838.89,1866.41,1837.54,140058749.0,179896392038.47
2024-05-16,1846.98,1844.21,1861.38,1837.02,147068865.0,190380835635.81
2024-05-17,1838.99,1864.94,1865.9,1833.43,149789562.0,208187423488.51
2024-05-20,1869.55,1875.93,1887.05,1865.88,156277546.0,217240081792.59
2024-05-21,1871.78,1861.48,1873.09,1855.44,139081435.0,186846175948.95
2024-05-22,1863.14,1877.93,1883.17,1855.25,138468863.0,204131635426.67
2024-05-23,1876.56,1852.07,1879.62,1847.69,152265215.0,218396406983.74
2024-05-24,1845.01,1818.56,1861.93,1818.14,139625334.0,203692809136.23
2024-05-27,1824.17,1830.96,1832.82,1802.77,136433219.0,190361238785.22
2024-05-28,1824.09,1806.25,1827.74,1805.65,134487619.0,190307684090.85
2024-05-29,1808.49,1811.07,1832.71,1804.11,131865613.0,185223719925.55
2024-05-30,1810.66,1813.15,1820.29,1805.35,129004866.0,179770180694.8
2024-05-31,1812.61,1805.11,1831.71,1805.11,140767251.0,198011043280.18
2024-06-03,1806.41,1819.46,1823.51,1800.2,151953408.0,215819689649.34
2024-06-04,1816.37,1843.59,1848.56,1815.07,148829486.0,201924036762.96
2024-06-05,1840.08,1833.55,1858.69,1833.55,135998891.0,182175291942.29
2024-06-06,1840.25,1820.45,1845.55,1815.28,172431872.0,216374277837.57
2024-06-07,1812.46,1781.07,1820.74,1764.84,133117037.0,182415895155.26
2024-06-11,1766.92,1787.3,1791.0,1761.58,122648145.0,168041545947.02
2024-06-12,1779.32,1779.42,1789.41,1778.13,126999546.0,174965478553.42
2024-06-13,1786.11,1777.79,1799.09,1776.08,128656665.0,190676046761.68
2024-06-14,1777.28,1791.36,1792.8,1758.89,129081811.0,212608001039.07
2024-06-17,1780.94,1806.19,1811.0,1780.51,121762035.0,190652324806.29
2024-06-18,1805.16,1811.36,1822.11,1802.63,135486712.0,200164039136.69
2024-06-19,1816.06,1788.5,1816.06,1788.17,139592578.0,200310056000.59
2024-06-20,1787.24,1762.7,1793.71,1761.65,140965490.0,196278868315.09
2024-06-21,1756.67,1755.88,1762.43,1742.47,112781933.0,161582496715.98
2024-06-24,1745.93,1731.51,1755.52,1729.1,132205531.0,174328989205.01
2024-06-25,1724.64,1700.02,1729.22,1691.02,120861142.0,164448686887.62
2024-06-26,1700.95,1730.64,1733.79,1696.12,134782740.0,177948029873.4
2024-06-27,1719.78,1703.2,1721.0,1702.24,131177952.0,176839066808.63
2024-06-28,1696.94,1683.43,1720.95,1680.42,137729548.0,189088172439.43
2024-07-01,1679.66,1682.69,1689.54,1652.01,122445458.0,169887408797.05
2024-07-02,1677.67,1665.04,1683.85,1660.32,133822623.0,172148618174.73
2024-07-03,1664.99,1660.12,1675.65,1648.24,133000449.0,157967254874.41
2024-07-04,1666.39,1647.22,1674.75,1647.22,128235715.0,152773081209.11
2024-07-05,1648.74,1655.59,1662.32,1631.89,121922544.0,143931833928.72
2024-07-08,1651.64,1628.76,1652.19,1624.55,121049258.0,142750502024.49
2024-07-09,1625.52,1652.12,1660.33,1614.61,141129351.0,181888476705.64
2024-07-10,1642.86,1651.11,1668.09,1641.84,127813014.0,168987766683.15
2024-07-11,1673.54,1685.12,1694.78,1658.96,151461806.0,199778369266.39
2024-07-12,1680.14,1683.63,1692.89,1672.67,127441227.0,173438350523.82
2024-07-15,1674.89,1673.01,1679.88,1665.34,114052903.0,147985324118.61
2024-07-16,1671.92,1696.34,1697.14,1671.31,112190412.0,163205781937.65
2024-07-17,1691.95,1696.45,1707.61,1684.94,119066052.0,166559939236.06
2024-07-18,1680.34,1717.71,1718.82,1678.56,123457650.0,176205065367.14
2024-07-19,1706.84,1725.49,1731.13,1706.58,113026651.0,163355640358.29
2024-07-22,1729.28,1723.91,1735.6,1713.37,116787610.0,159542178380.54
2024-07-23,1721.93,1671.44,1722.08,1671.44,129263374.0,166046388177.11
2024-07-24,1666.62,1650.91,1682.96,1645.75,125667975.0,160536829418.38
2024-07-25,1641.68,1644.45,1658.13,1638.54,113241183.0,149054765076.9
2024-07-26,1649.34,1659.53,1670.21,1646.63,120675009.0,152761314911.35
2024-07-29,1653.39,1635.67,1653.39,1634.51,125779956.0,157247434261.7
2024-07-30,1629.18,1630.95,1637.21,1621.94,127732992.0,155469912838.63
2024-07-31,1623.04,1688.14,1689.49,1623.04,176722511.0,223936183270.97
2024-08-01,1690.22,1665.97,1694.59,1663.08,152988021.0,199016642516.1
2024-08-02,1649.84,1638.3,1671.36,1635.44,152571434.0,192044651251.68
2024-08-05,1621.19,1607.29,1656.09,1607.24,160975517.0,191997161477.8
2024-08-06,1628.12,1627.36,1638.48,1612.0,135072729.0,156066993970.65
2024-08-07,1624.06,1620.33,1632.64,1618.39,127274048.0,149033939565.33
2024-08-08,1611.26,1611.51,1628.66,1598.68,140737680.0,155754578548.73
2024-08-09,1621.84,1595.64,1628.53,1595.64,125398160.0,138758650335.2
2024-08-12,1596.41,1592.39,1601.85,1589.09,124201843.0,129209225981.97
2024-08-13,1592.04,1607.19,1607.26,1587.52,112275494.0,121896298110.49
2024-08-14,1606.44,1584.33,1606.44,1584.33,123258597.0,129270008177.74
2024-08-15,1581.15,1592.71,1608.95,1581.05,161888002.0,159307585767.5
2024-08-16,1594.51,1591.46,1603.43,1587.41,172590183.0,175681165209.23
2024-08-19,1589.21,1589.29,1608.27,1588.22,163609101.0,167349091112.14
2024-08-20,1590.17,1567.97,1591.88,1565.43,163251088.0,156885838488.97
2024-08-21,1561.24,1558.51,1572.47,1556.93,146118100.0,148705212662.73
2024-08-22,1559.68,1546.63,1563.37,1544.91,149584982.0,154461678774.93
2024-08-23,1540.52,1546.9,1555.01,1537.78,140019731.0,144714752549.85
2024-08-26,1550.04,1545.31,1557.91,1540.52,136719345.0,149063972295.51
2024-08-27,1537.81,1530.74,1541.93,1526.61,133754749.0,139798364281.85
2024-08-28,1526.67,1531.45,1534.54,1522.48,123543084.0,129238024067.52
2024-08-29,1512.37,1541.4,1551.54,1512.17,143849682.0,165397084148.48
2024-08-30,1543.89,1580.46,1601.16,1543.89,201726850.0,227965941296.15
2024-09-02,1577.44,1536.95,1581.87,1536.53,161414596.0,176805148990.88
2024-09-03,1533.57,1556.32,1561.86,1533.46,138750336.0,148965411939.37
2024-09-04,1541.9,1554.64,1569.89,1540.17,137451388.0,154054140994.8
2024-09-05,1554.88,1564.72,1576.03,1554.88,137123466.0,147944472987.59
2024-09-06,1564.33,1538.07,1566.57,1537.38,139270896.0,146294611331.0
2024-09-09,1528.65,1539.04,1547.73,1526.24,117873664.0,123532845625.61
2024-09-10,1540.21,1539.98,1551.61,1522.88,126680539.0,135542269130.25
2024-09-11,1539.85,1558.33,1563.09,1535.62,112826588.0,126571388990.55
2024-09-12,1566.4,1551.81,1577.17,1551.03,125330161.0,136809185695.94
2024-09-13,1552.28,1535.17,1556.66,1535.17,125952971.0,133804834411.45
2024-09-18,1533.38,1533.47,1540.08,1522.54,114234684.0,113051133240.41
2024-09-19,1543.32,1546.47,1565.21,1520.72,133867092.0,144147765894.22
2024-09-20,1546.77,1536.6,1546.77,1525.68,130056811.0,138633349858.78
2024-09-23,1538.05,1530.51,1548.41,1528.94,122125585.0,135566383542.03
2024-09-24,1545.9,1615.32,1616.07,1532.52,195898358.0,230005047672.22
2024-09-25,1652.83,1641.54,1679.64,1639.68,237541061.0,277723518232.64
2024-09-26,1638.53,1714.14,1716.01,1625.66,226173043.0,270723822069.01
2024-09-27,1751.33,1885.49,1919.79,1751.33,331881713.0,439464381908.36
2024-09-30,1994.26,2175.09,2182.39,1966.34,478321402.0,674726242592.41
2024-10-08,2576.22,2550.28,2576.22,2336.44,568395219.0,968726100927.75
2024-10-09,2426.75,2280.1,2514.29,2278.82,517017791.0,925417599971.55
2024-10-10,2291.22,2212.91,2327.6,2181.08,370748055.0,633252194753.51
2024-10-11,2173.71,2100.87,2191.4,2066.58,308048402.0,489125606540.68
2024-10-14,2119.39,2155.4,2163.27,2062.45,304822028.0,501816953455.55
2024-10-15,2139.65,2085.99,2175.95,2085.82,340562162.0,580661564558.7
2024-10-16,2037.74,2039.95,2081.32,2026.52,279261270.0,467443391572.96
2024-10-17,2057.96,2033.48,2081.09,2031.99,311792011.0,525535954092.35
2024-10-18,2027.65,2195.1,2273.0,2027.65,394063786.0,723220587287.39
2024-10-21,2211.39,2210.34,2266.6,2182.23,422190731.0,779790361613.31
2024-10-22,2205.4,2216.99,2226.93,2180.0,393491044.0,681283421534.36
2024-10-23,2202.82,2205.3,2252.52,2186.18,364039646.0,636530072404.59
2024-10-24,2187.24,2175.1,2203.02,2168.24,281830987.0,498240139457.89
2024-10-25,2190.39,2238.9,2277.17,2180.22,322255605.0,583754159547.79
2024-10-28,2228.08,2229.12,2236.47,2198.89,346139425.0,575603204265.11
2024-10-29,2231.82,2177.31,2239.26,2175.81,371919397.0,631639273936.83
2024-10-30,2156.28,2151.51,2179.94,2127.63,327522148.0,556470811530.25
2024-10-31,2145.66,2164.46,2204.86,2130.27,371664787.0,648857390676.51
2024-11-01,2149.94,2123.74,2166.52,2120.73,372803871.0,600618206725.83
2024-11-04,2122.98,2185.98,2187.38,2122.98,254734109.0,432571054067.64
2024-11-05,2184.9,2289.84,2301.99,2172.52,350837107.0,638795092728.26
2024-11-06,2290.67,2265.83,2360.88,2247.04,403030177.0,728928556603.8
2024-11-07,2244.96,2350.76,2350.76,2240.25,405904223.0,678138690615.92
2024-11-08,2396.87,2321.59,2402.38,2317.51,413769211.0,747609087707.33
2024-11-11,2298.62,2392.44,2393.58,2296.32,377529598.0,706763481556.26
2024-11-12,2416.21,2390.8,2448.2,2362.57,378754158.0,707260634033.2
2024-11-13,2367.16,2417.25,2427.16,2345.06,299809058.0,561278092963.55
2024-11-14,2411.29,2334.96,2419.69,2331.68,270788688.0,494484895739.92
2024-11-15,2318.94,2243.62,2338.56,2243.62,289330900.0,518610190540.13
2024-11-18,2244.32,2190.95,2254.92,2173.18,283518400.0,466115253935.41
2024-11-19,2200.13,2256.61,2261.59,2173.45,244199501.0,409157860094.36
2024-11-20,2242.6,2267.85,2283.75,2239.77,288681253.0,465811764066.41
2024-11-21,2254.27,2265.87,2281.16,2248.38,282320627.0,463565223384.54
2024-11-22,2257.95,2175.57,2269.27,2175.57,301571728.0,489001762887.32
2024-11-25,2184.1,2175.18,2193.68,2140.48,251575908.0,398471227575.64
2024-11-26,2163.37,2150.1,2187.12,2148.14,233179805.0,360457121013.08
2024-11-27,2136.71,2208.78,2209.16,2119.54,258006971.0,401330159441.23
2024-11-28,2204.49,2169.8,2206.85,2165.53,276399803.0,419813252334.75
2024-11-29,2162.52,2224.0,2264.68,2162.52,302880301.0,501365261418.35
2024-12-02,2212.36,2255.5,2261.14,2210.86,311350090.0,505969429383.02
2024-12-03,2252.75,2245.5,2261.39,2224.69,306481107.0,482235795863.47
2024-12-04,2237.65,2213.41,2246.04,2204.39,289942124.0,459314971219.4
2024-12-05,2207.5,2221.46,2237.09,2207.5,270063838.0,440343428750.97
2024-12-06,2219.91,2267.06,2289.81,2213.32,315853926.0,509916084535.53
2024-12-09,2265.19,2248.63,2273.08,2229.51,275288754.0,441668691858.62
2024-12-10,2358.29,2264.05,2358.49,2258.02,368365343.0,633302801446.92
2024-12-11,2260.7,2261.58,2278.79,2251.35,294926754.0,488392484586.13
2024-12-12,2257.31,2292.15,2302.64,2256.07,308420591.0,510495451011.38
2024-12-13,2272.27,2235.26,2276.13,2234.17,328537971.0,561357989318.59
2024-12-16,2232.62,2201.53,2234.19,2192.25,273787934.0,450274741041.91
2024-12-17,2197.13,2201.18,2233.17,2197.13,248753481.0,397265265014.27
2024-12-18,2207.18,2202.14,2216.0,2192.6,216481476.0,354895982597.8
2024-12-19,2178.46,2213.54,2220.43,2174.94,221719261.0,375784424939.35
2024-12-20,2209.38,2209.66,2234.13,2201.94,230049274.0,427247917560.18
2024-12-23,2205.69,2187.94,2223.64,2185.35,245538770.0,409610368907.76
2024-12-24,2190.47,2213.55,2215.19,2187.78,200966406.0,349402388357.77
2024-12-25,2215.61,2201.3,2216.36,2187.0,203868100.0,337460267678.8
2024-12-26,2200.32,2209.85,2219.69,2193.59,184436467.0,347293434638.28
2024-12-27,2209.71,2204.9,2235.56,2196.29,207513529.0,385898226139.63
2024-12-30,2198.86,2206.29,2218.74,2198.12,187201460.0,342205734093.04
2024-12-31,2202.18,2141.6,2207.31,2141.6,199428413.0,352199463928.64
2025-01-02,2136.92,2060.44,2137.65,2040.38,196587395.0,342439637001.25
2025-01-03,2062.4,2015.97,2067.41,2015.96,206064912.0,324932847993.63
2025-01-06,2018.25,2014.19,2033.27,2000.86,169375612.0,260608779679.82
2025-01-07,1996.0,2028.36,2028.75,1988.42,168570529.0,277786422805.01
2025-01-08,2011.75,2008.44,2029.02,1963.81,195527839.0,316548208016.32
2025-01-09,1994.81,2010.66,2025.31,1994.7,174244808.0,287453523404.68
2025-01-10,2006.55,1975.3,2024.43,1975.3,178384005.0,295340671109.33
2025-01-13,1953.89,1982.46,1998.5,1953.82,152288463.0,245669166830.44
2025-01-14,1989.39,2075.76,2076.96,1979.14,227021058.0,386165587102.57
2025-01-15,2064.48,2037.93,2064.48,2032.57,195449289.0,329023933373.78
2025-01-16,2051.09,2051.35,2084.23,2029.82,203899551.0,354789525123.57
2025-01-17,2041.71,2067.27,2083.2,2041.58,170885961.0,310265773405.47
2025-01-20,2090.14,2104.73,2118.74,2090.07,177274295.0,323976747068.17
2025-01-21,2125.07,2112.39,2125.07,2090.32,182508851.0,331501649828.59
2025-01-22,2103.83,2101.03,2110.9,2081.08,165662666.0,321487930518.86
2025-01-23,2125.3,2093.31,2151.48,2093.31,210268257.0,387834330079.38
2025-01-24,2084.13,2121.84,2131.55,2084.13,200051426.0,360783248474.43
2025-01-27,2119.17,2063.82,2123.15,2063.82,177520122.0,324013509607.65
2025-02-05,2082.99,2062.92,2083.01,2054.37,204368036.0,378666289294.99
2025-02-06,2059.45,2120.75,2120.79,2056.18,248973902.0,464949308895.32
2025-02-07,2127.14,2174.35,2200.1,2122.35,308397999.0,589808761151.7
2025-02-10,2183.78,2183.88,2188.13,2156.76,279950659.0,512227306833.98
2025-02-11,2182.91,2152.73,2182.91,2150.47,266477049.0,487815482425.6
2025-02-12,2144.73,2191.76,2194.1,2142.05,258849275.0,494031078864.87
2025-02-13,2186.14,2176.16,2203.64,2175.42,284591869.0,518915994554.68
2025-02-14,2176.32,2215.3,2223.39,2176.21,286996251.0,515645994563.77
2025-02-17,2243.66,2226.62,2245.37,2208.77,326355461.0,594941327620.99
2025-02-18,2223.48,2182.57,2231.28,2173.54,294210590.0,532993913374.63
2025-02-19,2174.96,2226.98,2228.48,2174.01,260631356.0,507339425588.72
2025-02-20,2222.37,2225.58,2233.98,2204.64,280378857.0,537322155811.05
2025-02-21,2228.92,2281.51,2284.04,2228.92,333039973.0,669308764691.68
2025-02-24,2277.15,2266.24,2283.79,2245.61,314290011.0,619405605772.5
2025-02-25,2227.29,2240.59,2265.91,2224.46,292711324.0,561872269832.94
2025-02-26,2246.95,2268.22,2268.57,2232.31,297225033.0,586936953671.49
2025-02-27,2268.5,2256.51,2279.39,2225.53,307273306.0,596467082624.74
2025-02-28,2238.34,2170.39,2240.78,2163.69,281464504.0,530902059044.94
2025-03-03,2176.82,2196.52,2232.2,2161.36,247920944.0,472696215188.87
2025-03-04,2170.99,2190.08,2193.53,2161.06,225876166.0,427875703570.57
2025-03-05,2190.58,2190.36,2200.87,2173.9,233260677.0,442270535196.44
2025-03-06,2204.25,2234.69,2243.28,2202.01,306910775.0,592297157877.56
2025-03-07,2221.91,2205.31,2226.0,2195.13,287065098.0,551841091100.51
2025-03-10,2211.1,2199.88,2217.77,2182.58,231584299.0,438592530373.39
2025-03-11,2172.18,2204.03,2204.03,2171.27,220927831.0,413787146113.67
2025-03-12,2211.15,2191.27,2214.97,2191.1,266044504.0,497412152810.66
2025-03-13,2189.47,2166.0,2200.91,2154.95,250422746.0,457459231683.6
2025-03-14,2165.53,2226.72,2233.83,2161.89,265860088.0,507505990281.64
2025-03-17,2230.85,2215.13,2233.33,2212.02,245505172.0,461676726065.97
2025-03-18,2225.2,2228.64,2242.22,2215.37,238408415.0,461631427130.75
2025-03-19,2221.6,2222.35,2237.95,2208.26,229680955.0,440646530017.23
2025-03-20,2220.5,2200.03,2221.61,2198.38,235839545.0,416932299413.42
2025-03-21,2193.36,2152.28,2201.42,2149.09,260886417.0,433846880498.88
2025-03-24,2154.67,2152.55,2160.46,2125.13,243858778.0,400225317591.73
2025-03-25,2154.2,2145.48,2165.01,2136.61,198697315.0,347104338738.19
2025-03-26,2143.12,2139.9,2157.78,2139.9,184203191.0,307612308758.98
2025-03-27,2130.49,2145.1,2165.16,2117.75,191716879.0,324723520805.6
2025-03-28,2140.07,2128.21,2152.4,2128.21,179554641.0,299470079793.54
2025-03-31,2117.88,2103.7,2123.87,2087.13,186061401.0,321330783331.91
2025-04-01,2108.46,2101.88,2127.54,2100.3,171368258.0,303716942192.44
2025-04-02,2103.39,2104.63,2121.56,2097.82,151329115.0,265072518328.96
2025-04-03,2078.15,2065.4,2097.67,2057.63,163979246.0,298990003383.28
2025-04-07,1925.64,1807.21,1939.27,1756.64,304075576.0,464672649625.0
2025-04-08,1837.54,1840.31,1877.44,1812.13,256682141.0,390333762484.02
2025-04-09,1805.46,1858.36,1872.93,1777.25,279452297.0,418890418530.32
2025-04-10,1920.64,1900.53,1944.1,1897.34,256686850.0,425156587350.3
2025-04-11,1885.86,1926.37,1943.43,1884.6,202378237.0,348882512916.65
2025-04-14,1954.05,1932.91,1956.16,1928.63,191935063.0,323184008045.35
2025-04-15,1933.89,1930.4,1940.75,1918.44,168422550.0,273743106715.87
2025-04-16,1918.03,1907.11,1919.09,1879.78,170499714.0,273040794540.48
2025-04-17,1893.02,1908.78,1923.53,1892.47,150012821.0,248279994249.17
2025-04-18,1904.99,1913.97,1917.59,1898.78,146860953.0,234120276866.05
2025-04-21,1910.9,1944.32,1947.56,1901.81,167432537.0,277261580693.58
2025-04-22,1933.83,1928.43,1939.69,1923.37,171458149.0,281085874239.67
2025-04-23,1950.44,1949.16,1962.68,1935.68,199995890.0,346460823674.24
2025-04-24,1946.23,1935.86,1958.22,1930.9,181545884.0,305859189146.22
2025-04-25,1941.81,1947.19,1960.63,1937.71,169975509.0,291634268768.25
2025-04-28,1951.16,1934.46,1951.16,1930.06,163721220.0,263116285053.64
2025-04-29,1929.27,1931.94,1941.17,1923.86,160186502.0,270737131156.84
2025-04-30,1936.12,1948.03,1954.62,1931.84,166717929.0,293395148611.24
2025-05-06,1966.97,1986.41,1988.05,1964.46,204808226.0,362525483367.02
2025-05-07,2024.3,1996.51,2035.47,1982.37,236777340.0,415025833449.25
2025-05-08,1994.05,2029.45,2036.1,1991.65,208336585.0,375817862445.41
2025-05-09,2028.43,2011.77,2028.43,2004.48,192198639.0,336031657418.41
2025-05-12,2042.9,2064.71,2066.31,2038.34,194979499.0,368155868587.42
2025-05-13,2091.35,2062.26,2091.35,2058.74,197820037.0,368230474666.05
2025-05-14,2062.27,2083.14,2103.37,2051.82,193513311.0,369473326977.16
2025-05-15,2076.04,2043.25,2076.04,2043.1,176851858.0,315818937738.25
2025-05-16,2035.87,2039.45,2050.89,2035.87,163436423.0,298459891782.97
2025-05-19,2038.05,2032.76,2038.05,2017.17,166217009.0,290268824267.91
2025-05-20,2041.5,2048.46,2059.52,2025.86,185563484.0,324234796147.44
2025-05-21,2052.0,2065.39,2077.48,2050.21,175956463.0,316052135906.68
2025-05-22,2065.41,2045.57,2065.41,2043.89,169780258.0,294063096646.45
2025-05-23,2043.2,2021.5,2060.09,2021.5,178391659.0,312868339271.18
2025-05-26,2016.37,2005.26,2023.49,1991.78,147787119.0,268696372150.12
2025-05-27,2001.62,1991.64,2001.62,1983.9,150972274.0,263612542368.62
2025-05-28,1996.49,1985.38,2001.95,1981.67,160736605.0,272207025903.76
2025-05-29,1988.32,2012.55,2016.21,1986.63,196153778.0,336645286376.76
2025-05-30,2002.73,1993.19,2004.5,1988.19,192070841.0,321041246329.48
2025-06-03,1986.54,2002.7,2012.24,1985.57,185115747.0,307126792870.47
2025-06-04,2009.37,2024.93,2030.92,2009.37,185041493.0,319493747439.18
2025-06-05,2026.63,2048.62,2053.56,2014.44,208483808.0,370015876182.19
2025-06-06,2047.87,2039.44,2051.91,2034.1,178108991.0,322931592458.63
2025-06-09,2046.43,2061.29,2075.58,2045.64,202827466.0,368246986273.2
2025-06-10,2057.97,2037.27,2063.87,2023.17,237687808.0,411801077262.33
2025-06-11,2044.28,2061.87,2076.91,2044.28,208455831.0,360485163147.4
2025-06-12,2057.2,2067.15,2076.84,2051.24,214021326.0,378571827628.61
2025-06-13,2054.97,2043.82,2065.87,2036.96,241780969.0,410506201042.24
2025-06-16,2038.7,2057.32,2062.42,2038.7,203702624.0,357646686528.36
2025-06-17,2061.47,2049.94,2063.08,2045.05,216853533.0,372991717138.93
2025-06-18,2046.69,2054.73,2059.38,2039.25,211304448.0,371847691875.22
2025-06-19,2049.18,2026.82,2057.77,2021.18,221788483.0,386860748295.18
2025-06-20,2026.88,2009.89,2036.02,2007.51,190308016.0,326385566258.08
2025-06-23,1996.96,2017.63,2021.76,1996.96,200250341.0,340328387698.13
2025-06-24,2024.7,2064.13,2065.84,2024.7,247840301.0,441660056238.75
2025-06-25,2073.26,2128.39,2133.03,2072.87,267537197.0,518421004525.53
2025-06-26,2128.86,2114.43,2142.21,2113.14,269411209.0,510182488176.29
2025-06-27,2125.85,2124.34,2146.04,2112.75,242281223.0,464562098189.67
2025-06-30,2132.93,2153.01,2154.0,2128.78,239110135.0,462156973601.54
2025-07-01,2149.22,2147.92,2152.92,2134.57,248855791.0,444496413718.11
2025-07-02,2140.14,2123.72,2140.14,2118.55,234471208.0,393785126919.15
2025-07-03,2130.74,2164.09,2168.61,2130.74,219509975.0,382005613121.56
2025-07-04,2168.35,2156.23,2187.88,2153.62,232373615.0,420453534088.53
2025-07-07,2148.93,2130.19,2155.69,2126.32,188950354.0,346511386676.02
2025-07-08,2129.49,2181.08,2183.06,2129.49,228401520.0,436543561640.74
2025-07-09,2179.32,2184.67,2204.64,2179.11,233738509.0,435509501264.73
2025-07-10,2192.99,2189.58,2199.71,2174.21,220663564.0,419455314284.9
2025-07-11,2190.01,2207.1,2223.31,2181.19,238746384.0,460016296735.25
2025-07-14,2207.54,2197.07,2208.08,2189.08,202311831.0,387279814379.44
2025-07-15,2211.4,2235.05,2245.44,2209.9,225037605.0,447443659666.91
2025-07-16,2241.21,2230.19,2259.64,2227.82,205254477.0,429019355399.99
2025-07-17,2228.52,2269.33,2269.67,2228.52,213664610.0,443122898155.17
2025-07-18,2279.67,2277.15,2296.91,2263.97,212360279.0,432503511577.25
2025-07-21,2285.41,2296.88,2297.14,2273.81,225424052.0,444016671263.83
2025-07-22,2295.36,2310.86,2313.46,2290.38,242464648.0,481258167153.79
2025-07-23,2308.11,2310.67,2333.31,2304.63,234159582.0,448738026106.13
2025-07-24,2319.25,2345.37,2345.37,2318.42,233231978.0,458237292636.01
2025-07-25,2348.28,2340.06,2350.06,2332.02,233830394.0,435873397480.12
2025-07-28,2346.38,2362.6,2366.51,2334.16,224563522.0,454389336180.92
2025-07-29,2362.77,2406.59,2406.59,2355.38,237563456.0,495775120142.64
2025-07-30,2395.86,2367.68,2395.89,2349.18,257326940.0,503318839029.83
2025-07-31,2382.97,2328.31,2394.22,2321.72,258986837.0,544390897602.53
2025-08-01,2323.92,2322.63,2348.02,2304.39,234090218.0,468219566668.28
2025-08-04,2307.37,2334.32,2334.43,2304.48,217291942.0,437700413808.14
2025-08-05,2349.44,2343.38,2351.0,2323.74,230759428.0,478481107469.06
2025-08-06,2335.95,2358.95,2359.82,2335.95,261527074.0,525173025664.23
2025-08-07,2359.42,2342.86,2372.68,2322.81,266846722.0,552150910519.52
2025-08-08,2338.25,2333.96,2353.99,2330.01,250831023.0,504146211527.89
2025-08-11,2336.93,2379.82,2384.86,2336.93,252350057.0,535985242900.72
2025-08-12,2381.16,2409.4,2409.4,2368.81,251971544.0,550138680013.61
2025-08-13,2417.47,2496.5,2497.86,2414.48,279783183.0,636827542511.23
2025-08-14,2496.63,2469.66,2513.37,2463.86,303365377.0,651328239583.24
2025-08-15,2464.67,2534.22,2541.89,2464.67,289189742.0,660169876297.45
2025-08-18,2549.55,2606.2,2633.86,2529.25,373626887.0,839681462556.21
2025-08-19,2596.58,2601.74,2634.6,2586.95,334428683.0,763111819998.08
2025-08-20,2572.01,2607.65,2608.0,2547.44,292612013.0,650536818161.42
2025-08-21,2614.91,2595.47,2626.37,2582.05,303848140.0,656374795501.37
2025-08-22,2587.53,2682.55,2683.9,2587.53,303427118.0,697740405121.78
2025-08-25,2720.28,2762.99,2782.01,2700.28,362601498.0,874974979130.46
2025-08-26,2747.11,2742.13,2773.24,2726.72,318782156.0,750068068086.59
2025-08-27,2747.5,2723.2,2822.27,2723.2,377278345.0,888064980127.14
2025-08-28,2707.34,2827.17,2827.17,2707.34,353545862.0,839767556036.82
2025-08-29,2828.01,2890.13,2933.99,2809.32,293731747.0,771067872982.93
2025-09-01,2914.64,2956.37,2958.14,2886.73,283862898.0,732725058247.54
2025-09-02,2951.03,2872.22,2979.73,2839.92,309356625.0,803844187501.81
2025-09-03,2882.84,2899.37,2926.78,2859.51,250916506.0,657571327457.67
2025-09-04,2933.68,2776.25,2956.41,2741.08,262998426.0,716317175905.26
2025-09-05,2789.91,2958.18,2962.47,2775.17,247717272.0,676084998434.46
2025-09-08,2964.43,2933.25,2964.43,2883.26,253293742.0,698953752937.89
2025-09-09,2901.29,2867.97,2924.58,2843.67,222348592.0,572337413830.6
2025-09-10,2890.05,2904.27,2926.16,2860.26,207777643.0,567252757981.66
2025-09-11,2917.77,3053.75,3053.75,2899.83,254479394.0,704261347899.03
2025-09-12,3024.1,3020.42,3056.53,3009.9,251507218.0,680315344406.38
2025-09-15,3052.06,3066.18,3106.88,3044.69,232238395.0,620841469358.55
2025-09-16,3072.3,3087.04,3089.78,3020.63,248549042.0,641903383619.02
2025-09-17,3085.71,3147.35,3152.31,3064.77,251111022.0,668282448229.48
2025-09-18,3119.77,3095.85,3168.68,3051.3,318944357.0,835058245063.72
2025-09-19,3098.28,3091.0,3128.38,3072.76,234774694.0,603655890657.23
2025-09-22,3093.97,3107.89,3107.89,3053.35,207186315.0,547491096346.71
2025-09-23,3139.5,3114.55,3157.02,3041.46,257912089.0,670317860096.42
2025-09-24,3089.9,3185.57,3185.84,3085.7,228593022.0,632107960241.9
2025-09-25,3167.75,3235.76,3266.0,3161.08,233199280.0,663053057215.08
2025-09-26,3222.19,3151.53,3251.88,3150.84,214826619.0,570235409398.65
2025-09-29,3165.07,3238.01,3259.42,3164.8,207295743.0,574681499671.85
2025-09-30,3239.33,3238.16,3279.02,3218.69,202434405.0,583961073771.38
2025-10-09,3251.04,3261.82,3322.44,3243.71,237037603.0,658209857589.43
2025-10-10,3230.46,3113.26,3235.86,3097.63,225512173.0,620946940942.82
2025-10-13,2975.03,3078.76,3096.4,2975.03,218736894.0,578012276527.51
2025-10-14,3121.0,2955.98,3124.83,2943.58,223204207.0,606838447255.61
2025-10-15,2964.52,3025.87,3030.59,2927.51,186015224.0,491772888013.86
2025-10-16,3008.37,3037.44,3068.84,3001.1,181947860.0,477559446988.39
2025-10-17,3026.4,2935.37,3042.29,2932.68,185613716.0,465679907805.74
2025-10-20,3007.21,2993.45,3042.2,2970.19,161809753.0,438095837370.04
2025-10-21,3017.77,3083.72,3101.93,2994.76,178104662.0,478860001586.4
2025-10-22,3061.27,3059.32,3089.76,3044.04,164946532.0,416493599511.86
2025-10-23,3050.74,3062.16,3066.46,3003.34,168698046.0,407949149462.48
2025-10-24,3087.63,3171.57,3171.57,3082.06,189617316.0,529690393787.88
2025-10-27,3227.18,3234.45,3241.95,3179.62,213860991.0,615421313963.72
2025-10-28,3205.44,3229.58,3282.33,3205.05,208601022.0,573266277604.32
2025-10-29,3263.98,3324.27,3324.27,3258.69,214062869.0,620733661712.54
2025-10-30,3313.79,3263.02,3331.86,3259.21,224015734.0,645299168649.51
2025-10-31,3260.26,3187.53,3281.66,3187.53,220275654.0,595349876746.47
2025-11-03,3179.3,3196.87,3199.4,3120.85,217595272.0,540371749209.12
2025-11-04,3190.4,3134.09,3207.1,3111.02,200445072.0,481315214315.53
2025-11-05,3068.95,3166.23,3179.93,3068.95,207545764.0,477383174814.76
2025-11-06,3185.13,3224.62,3236.68,3177.6,202215805.0,504556295929.38
2025-11-07,3201.26,3208.21,3240.35,3178.8,206879652.0,502382384266.7
2025-11-10,3221.93,3178.83,3236.61,3138.3,213869043.0,523234244404.08
2025-11-11,3197.12,3134.32,3209.89,3130.58,213092429.0,511967313133.22
2025-11-12,3122.58,3122.03,3137.58,3078.64,209841194.0,492937005521.06
2025-11-13,3119.09,3201.75,3209.7,3107.62,217420321.0,528672087446.39
2025-11-14,3145.92,3111.51,3167.11,3111.51,221877911.0,494326633709.59
2025-11-17,3097.34,3105.2,3120.73,3082.23,225562453.0,493700722242.94
2025-11-18,3089.38,3069.22,3115.31,3052.64,238199986.0,508841079055.28
2025-11-19,3065.17,3076.85,3113.22,3061.96,226250386.0,463650345532.68
2025-11-20,3131.84,3042.34,3137.07,3039.38,208791385.0,452051459701.66
2025-11-21,2979.37,2920.08,2996.79,2920.04,261516446.0,537437629813.01
2025-11-24,2946.46,2929.04,2951.43,2892.27,231619369.0,482298936805.05
2025-11-25,2970.73,2980.93,3027.83,2961.93,240244351.0,528159166186.67
2025-11-26,2976.7,3044.69,3081.49,2962.99,223349763.0,529027126676.59
2025-11-27,3041.2,3031.3,3113.44,3027.31,203878146.0,499106212871.15
2025-11-28,3029.98,3052.59,3067.76,3013.49,195152701.0,460620035911.41
2025-12-01,3060.56,3092.5,3093.96,3037.69,219343139.0,522884477827.16
2025-12-02,3091.37,3071.15,3094.18,3056.36,201291473.0,451812885257.76
2025-12-03,3078.86,3036.79,3105.3,3028.7,204220766.0,470656693967.8
2025-12-04,3037.05,3067.48,3075.46,3016.58,185603506.0,416176565445.79
2025-12-05,3084.22,3109.3,3115.81,3048.94,197406943.0,476953447375.7
2025-12-08,3119.15,3190.27,3214.48,3119.15,222726847.0,590131765522.5
2025-12-09,3183.61,3209.6,3235.54,3175.51,204692715.0,535033737881.84
2025-12-10,3201.38,3209.0,3220.24,3143.41,194187894.0,495618319314.06
2025-12-11,3210.55,3163.67,3246.32,3163.67,202315261.0,518749292672.78
2025-12-12,3172.73,3194.36,3203.25,3137.63,211247053.0,566290631352.16
2025-12-15,3157.32,3137.8,3184.62,3135.66,188057375.0,472078841488.24
2025-12-16,3130.43,3071.76,3141.58,3058.79,190119280.0,453347376923.43
2025-12-17,3072.62,3175.91,3181.69,3072.62,195283898.0,495114476159.13
2025-12-18,3138.66,3107.06,3154.07,3107.06,177286398.0,449855188773.62
2025-12-19,3134.8,3122.24,3157.29,3112.03,185864900.0,444703647638.05
2025-12-22,3153.75,3191.98,3197.94,3153.75,184291000.0,488300727161.34
2025-12-23,3196.31,3205.01,3227.07,3184.53,191738351.0,498642177778.17
2025-12-24,3207.41,3229.58,3235.0,3193.97,191381877.0,508985251463.15
2025-12-25,3232.97,3239.34,3249.11,3200.49,202063805.0,532663504951.02
2025-12-26,3232.41,3243.88,3268.69,3219.13,219182544.0,578727413974.0
2025-12-29,3237.77,3222.61,3250.09,3208.08,203806961.0,543951469849.16
2025-12-30,3208.32,3242.9,3251.13,3207.73,218126624.0,565910064797.19
2025-12-31,3247.74,3203.17,3254.89,3198.25,215247355.0,549125795880.9
2026-01-05,3229.93,3294.55,3295.29,3229.93,271932811.0,702060594681.01
2026-01-06,3279.81,3319.29,3321.44,3265.73,287215987.0,763475252470.45
2026-01-07,3331.34,3329.69,3351.22,3298.55,280159801.0,763250511330.69
2026-01-08,3308.74,3302.31,3328.96,3285.16,289751046.0,755650931993.28
2026-01-09,3279.38,3327.81,3330.01,3269.99,343906904.0,878901067435.76
2026-01-12,3323.64,3388.34,3398.05,3282.39,421073541.0,1096218819856.51
2026-01-13,3390.69,3321.89,3416.84,3307.63,433839451.0,1086922219547.79
2026-01-14,3333.17,3349.14,3403.95,3308.63,457478907.0,1165157052172.91
2026-01-15,3318.11,3367.92,3372.47,3309.06,320578479.0,849713484169.71
2026-01-16,3394.35,3361.02,3407.86,3354.65,312079464.0,846356149931.99
2026-01-19,3340.94,3337.61,3383.79,3326.13,266213496.0,715063522775.42
2026-01-20,3340.46,3277.98,3347.94,3257.44,271654065.0,709272948430.77
2026-01-21,3270.13,3295.52,3329.5,3270.13,239488784.0,656117027993.19
2026-01-22,3312.75,3328.65,3337.27,3280.32,244048571.0,686175753499.66
2026-01-23,3334.02,3349.5,3349.5,3316.65,304128627.0,822626759653.5
2026-01-26,3365.61,3319.15,3367.99,3304.36,326114075.0,845211177604.5
2026-01-27,3316.02,3342.6,3366.68,3277.26,275879502.0,750371809751.3
2026-01-28,3359.79,3323.56,3361.14,3301.05,267660982.0,749318476667.32
2026-01-29,3322.48,3304.51,3356.48,3298.59,304722689.0,795630015291.54
2026-01-30,3301.54,3346.36,3369.24,3255.65,270277334.0,730964128742.97
2026-02-02,3368.14,3264.11,3390.3,3262.12,245886883.0,681865659272.28
2026-02-03,3318.06,3324.89,3332.48,3249.06,236713739.0,681737608018.42
2026-02-04,3298.32,3311.51,3318.9,3244.71,245288715.0,680872558372.45
2026-02-05,3277.72,3260.28,3288.38,3238.78,215234082.0,558915728580.92
2026-02-06,3222.88,3236.46,3288.03,3199.14,218119516.0,566546632643.1
2026-02-09,3299.6,3332.77,3340.33,3276.57,242919658.0,644485727297.12
2026-02-10,3321.88,3320.54,3348.48,3320.54,247658452.0,597128992818.68
2026-02-11,3312.64,3284.74,3324.18,3284.24,228686816.0,565228313902.61
2026-02-12,3294.57,3328.06,3334.35,3292.68,233849768.0,618126291227.27
2026-02-13,3309.43,3275.96,3323.37,3275.29,213034284.0,546081609337.22
2026-02-24,3331.79,3308.26,3343.24,3292.5,228065490.0,597003922814.53
2026-02-25,3313.09,3354.82,3363.18,3302.76,239093899.0,626851423640.47
2026-02-26,3346.74,3344.98,3351.57,3310.55,258474728.0,697126472186.56
2026-02-27,3303.98,3310.3,3326.58,3292.89,246313069.0,667075055878.92
2026-03-02,3257.05,3294.16,3319.91,3257.05,281293741.0,743719423714.45
2026-03-03,3316.63,3209.48,3331.26,3206.62,294310265.0,755758309246.14
2026-03-04,3171.19,3164.37,3217.11,3149.41,222271723.0,544157279389.86
2026-03-05,3236.15,3216.94,3264.8,3194.96,246635592.0,612181476773.64
2026-03-06,3197.66,3229.3,3248.9,3177.87,227445978.0,543512684990.44
2026-03-09,3152.72,3208.58,3220.01,3111.88,260338053.0,653756094223.18
2026-03-10,3281.94,3306.14,3308.75,3272.99,241663469.0,648715325054.84
2026-03-11,3318.41,3349.53,3388.1,3318.41,240926113.0,663144116389.96
2026-03-12,3357.03,3317.52,3358.77,3286.77,230926354.0,599744315942.85
2026-03-13,3296.5,3310.28,3342.85,3296.11,231741928.0,579965656477.05
2026-03-16,3323.98,3357.02,3360.35,3284.05,213329075.0,559137564908.85
2026-03-17,3385.71,3280.06,3390.02,3279.87,213048318.0,563825414777.88
2026-03-18,3307.82,3346.37,3350.56,3274.26,198278536.0,542979597686.96
2026-03-19,3311.44,3309.1,3361.21,3295.45,204201198.0,545208630142.35
2026-03-20,3362.07,3352.1,3426.61,3348.7,232187615.0,663304503456.09
2026-03-23,3300.56,3235.22,3334.46,3214.82,247330704.0,617092612471.1
2026-03-24,3266.93,3251.55,3270.19,3155.27,211205980.0,518979782367.15
2026-03-25,3287.17,3316.97,3325.26,3278.73,211728529.0,558172027999.31
2026-03-26,3299.03,3272.49,3347.23,3264.0,190422318.0,492570275740.94
2026-03-27,3236.37,3295.88,3323.33,3228.41,174126366.0,463587460672.35
2026-03-30,3254.43,3273.36,3281.39,3224.6,177208440.0,457021707916.46
2026-03-31,3247.28,3184.95,3280.48,3184.95,185740896.0,477806929829.15
2026-04-01,3255.26,3247.52,3255.26,3206.8,186799094.0,513943954660.35
2026-04-02,3229.6,3172.65,3229.68,3155.13,180448858.0,457158332797.34
2026-04-03,3197.77,3149.6,3199.44,3149.15,168154167.0,437459830898.0
2026-04-07,3162.82,3160.82,3181.35,3133.78,152437337.0,397194455819.38
2026-04-08,3257.91,3347.61,3348.39,3243.78,233353707.0,659180845669.87
2026-04-09,3316.29,3323.3,3340.3,3301.65,201677615.0,574839140206.13
2026-04-10,3355.07,3448.79,3470.72,3354.77,211593352.0,651563684636.91
2026-04-13,3434.32,3476.44,3492.48,3434.32,186067773.0,568699831319.24
2026-04-14,3507.11,3558.53,3560.3,3493.37,207676373.0,660311566333.9
2026-04-15,3596.08,3514.96,3599.98,3491.45,209895094.0,650458530151.7
2026-04-16,3531.26,3626.27,3629.42,3518.36,218759990.0,666616308445.08
2026-04-17,3643.15,3678.29,3685.1,3620.33,219975627.0,688725213658.36
2026-04-20,3657.35,3677.58,3696.26,3642.81,221537543.0,702432705026.57
2026-04-21,3662.26,3688.94,3695.74,3619.48,202432589.0,637778534428.8
2026-04-22,3660.42,3752.76,3755.75,3660.09,214499352.0,695245039532.37
2026-04-23,3769.02,3720.25,3785.23,3681.57,240499020.0,745895977557.61
2026-04-24,3682.5,3667.79,3699.94,3625.0,233839006.0,733178548406.73
2026-04-27,3677.89,3648.79,3686.94,3640.11,222383339.0,677951742164.69
2026-04-28,3623.49,3596.71,3636.93,3580.39,224411102.0,668388699959.32
2026-04-29,3578.42,3687.17,3692.21,3578.42,220640423.0,682729592377.48
2026-04-30,3704.11,3677.15,3718.4,3660.22,207981816.0,641724142143.0
2026-05-06,3760.67,3778.16,3815.07,3724.53,256344199.0,842269292824.3
2026-05-07,3807.99,3833.06,3840.06,3761.23,258151806.0,843381507019.15
2026-05-08,3792.04,3796.13,3840.16,3787.17,249242927.0,787340109163.27
2026-05-11,3829.61,3928.97,3937.87,3797.5,279245670.0,931590731570.89
2026-05-12,3947.14,3934.88,3954.99,3897.82,260039131.0,845613430581.35
2026-05-13,3900.74,4038.33,4041.99,3893.8,259133454.0,866979827777.07
2026-05-14,4087.85,3951.14,4090.42,3937.6,262200776.0,893930747716.14
2026-05-15,3957.74,3929.06,4002.73,3870.37,256835649.0,882598831814.92
2026-05-18,3895.07,3914.88,3961.16,3883.4,227942306.0,762830888184.27
2026-05-19,3894.0,3908.44,3918.31,3808.47,234560065.0,768493743821.77
2026-05-20,3889.68,3921.79,3947.22,3887.15,232712977.0,761853676049.54
2026-05-21,3962.3,3829.78,4017.81,3827.52,276039794.0,902160288034.97
2026-05-22,3875.81,3938.5,3948.99,3856.21,221842489.0,791995856122.52
2026-05-25,3974.97,4021.16,4022.74,3905.69,240534780.0,884036421908.69
2026-05-26,4003.13,4043.07,4057.37,3985.51,237035136.0,842366690267.45
2026-05-27,4053.68,4045.77,4148.23,4015.65,232890885.0,839664812553.11
2026-05-28,4042.08,4125.07,4135.38,3971.72,215603170.0,773326778436.31
2026-05-29,4141.91,4037.95,4158.69,4010.12,242059262.0,855661852309.05
2026-06-01,4057.39,3950.94,4081.42,3942.68,220530339.0,734554750936.17
2026-06-02,3987.41,4055.87,4083.92,3946.11,213338428.0,719949090250.64
2026-06-03,4089.02,4122.99,4218.33,4063.2,228810025.0,809214409169.05
2026-06-04,4072.55,4088.88,4114.24,4051.15,211806748.0,703241153789.61
2026-06-05,4079.95,3957.94,4105.21,3933.07,236781687.0,821034845640.23
2026-06-08,3820.23,3811.79,3903.77,3776.93,236874191.0,727291596416.04
2026-06-09,3865.69,3961.75,3962.9,3823.76,216665775.0,724188010288.37
2026-06-10,3897.73,3854.79,3928.36,3818.31,212202859.0,653253317468.31
2026-06-11,3839.19,3811.25,3910.28,3755.61,206551133.0,654281333270.17
2026-06-12,3921.09,3830.35,3921.53,3822.42,237871527.0,811000641594.19
2026-06-15,3896.17,4033.53,4033.53,3844.08,228651234.0,796207492760.91
2026-06-16,4065.27,4102.94,4142.43,4053.88,236362092.0,836387503042.47
2026-06-17,4061.3,4167.05,4168.16,4058.61,230896554.0,830431793976.63
2026-06-18,4153.62,4252.39,4272.01,4153.62,234709813.0,866583072686.98
2026-06-22,4272.99,4359.39,4359.39,4229.31,284501047.0,1028136400632.78
2026-06-23,4343.88,4192.19,4350.06,4159.48,255471053.0,908340490242.96
2026-06-24,4181.91,4251.42,4257.25,4161.58,242949976.0,853839664922.36
2026-06-25,4278.34,4371.99,4380.41,4242.86,257839095.0,983109466881.69
2026-06-26,4319.41,4194.21,4328.7,4175.38,250844543.0,938117550248.93
2026-06-29,4200.67,4216.7,4265.46,4103.63,252199771.0,921211835851.52
2026-06-30,4217.63,4342.71,4353.11,4205.74,231700716.0,864428984357.07
2026-07-01,4336.16,4260.72,4361.83,4222.22,276652544.0,988528654272.37
2026-07-02,4135.34,4017.27,4168.87,3999.57,260641470.0,896791614694.28
2026-07-03,4010.82,4019.93,4115.63,3985.36,237720368.0,809250391431.07
2026-07-06,4050.88,3948.86,4063.63,3903.48,225436541.0,768975690038.98
2026-07-07,3931.44,3911.91,3976.11,3859.43,193363464.0,626050125963.65
2026-07-08,3932.42,3845.35,3965.39,3824.33,199192269.0,655152500107.24
2026-07-09,3892.12,4018.17,4025.32,3812.66,216994273.0,726551566974.34
2026-07-10,4041.86,3842.73,4060.53,3842.35,256705752.0,858396707318.63
2026-07-13,3809.86,3723.52,3855.75,3691.23,226532308.0,696341242509.56
2026-07-14,3729.61,3851.14,3855.03,3673.96,201664114.0,656015980316.5
2026-07-15,3879.77,3804.7,3905.31,3794.34,203044931.0,596004738208.77
2026-07-16,3710.51,3692.46,3796.35,3658.07,204590231.0,580714563458.11
2026-07-17,3642.06,3428.63,3642.06,3387.26,237152349.0,686333877873.84
2026-07-20,3504.12,3443.1,3550.59,3338.21,244123544.0,674629644954.34
2026-07-21,3469.22,3685.97,3687.15,3373.04,266040315.0,745091984904.57
2026-07-22,3644.98,3566.73,3694.9,3553.37,210638952.0,642272059328.68
